Monthly_Income,Family_Size,Children,Previous_Expense,Month,Festival,Food_Preference,Guest_Arrival,Price_Hike,Shopping_Frequency,Grocery_Expense
41142,3,2,15398,December,no,Mixed,Yes,Yes,Monthly,20261
34901,8,4,6029,July,yes,Non-Veg,No,Yes,Biweekly,11443
148917,6,3,10785,June,no,Vegetarian,No,Yes,Biweekly,15816
88634,8,1,5044,August,yes,Non-Veg,Yes,No,Biweekly,10247
92124,1,0,8380,August,no,Non-Veg,Yes,No,Monthly,10016
110889,8,4,13032,June,yes,Non-Veg,Yes,Yes,Monthly,22288
104175,6,0,15977,November,no,Non-Veg,Yes,Yes,Monthly,22867
50621,7,0,9819,December,no,Vegetarian,Yes,Yes,Biweekly,16278
114029,4,2,16346,July,no,Mixed,No,No,weekly,18946
47994,6,2,3423,January,no,Non-Veg,Yes,Yes,Biweekly,8458
97544,3,2,16085,April,no,Vegetarian,No,No,Biweekly,17685
125553,1,0,6214,November,yes,Vegetarian,No,No,Monthly,6714
74660,4,3,4968,March,no,Non-Veg,No,No,Biweekly,7368
54821,2,0,13163,December,yes,Vegetarian,Yes,No,Monthly,15144
73289,4,3,7595,June,yes,Vegetarian,Yes,No,Monthly,11190
144944,7,4,7642,October,yes,Vegetarian,Yes,Yes,weekly,15895
42063,8,3,10479,November,no,Vegetarian,No,No,Monthly,14879
34720,1,0,16395,february,yes,Non-Veg,Yes,Yes,weekly,19106
53819,1,0,16574,february,yes,Non-Veg,No,No,weekly,16574
73000,7,4,6912,february,yes,Mixed,Yes,Yes,Biweekly,12906
80874,8,3,6671,August,no,Vegetarian,Yes,No,Biweekly,12136
136473,7,0,15466,March,no,Non-Veg,No,No,Biweekly,18966
119704,4,2,15583,March,no,Non-Veg,No,No,weekly,18183
43182,1,0,11410,August,yes,Mixed,Yes,Yes,weekly,13424
78848,4,2,10808,february,no,Mixed,Yes,Yes,weekly,14275
116714,2,1,7557,January,yes,Vegetarian,No,Yes,Biweekly,9688
87256,2,1,12619,December,no,Non-Veg,Yes,No,Biweekly,15041
130713,4,0,14267,September,no,Non-Veg,Yes,No,weekly,17848
142965,3,2,3402,October,yes,Mixed,Yes,Yes,Biweekly,6800
43940,8,3,4902,June,yes,Vegetarian,No,No,Biweekly,9302
69855,1,0,15288,March,no,Mixed,No,No,weekly,15288
31646,4,0,3699,April,yes,Vegetarian,No,No,weekly,5199
15940,2,1,16403,December,yes,Non-Veg,Yes,Yes,Biweekly,20613
99636,4,1,15667,September,no,Non-Veg,Yes,Yes,Biweekly,20804
65519,1,0,10925,December,no,Mixed,No,Yes,Monthly,12078
103747,7,4,6501,August,yes,Vegetarian,Yes,Yes,Monthly,13108
140737,6,3,16339,October,no,Mixed,Yes,No,Monthly,21252
49485,3,1,11000,December,yes,Vegetarian,No,No,Biweekly,12300
37545,5,0,9042,April,no,Mixed,Yes,Yes,Biweekly,12733
50299,8,0,13638,December,no,Non-Veg,No,Yes,Biweekly,18309
119212,7,2,9356,August,no,Mixed,No,Yes,Biweekly,14202
37388,7,4,7011,March,no,Mixed,Yes,Yes,Monthly,12522
67056,1,0,2741,November,yes,Non-Veg,No,No,Monthly,2741
131937,1,0,15156,December,no,Non-Veg,Yes,No,Biweekly,16688
48754,6,3,14558,April,yes,Mixed,No,Yes,Monthly,18859
18327,5,1,6780,february,no,Mixed,Yes,Yes,weekly,10756
77176,6,0,10143,february,no,Vegetarian,Yes,Yes,weekly,14497
131889,7,2,4944,November,yes,Vegetarian,Yes,No,Monthly,9753
136656,3,0,16732,April,yes,Mixed,No,Yes,Monthly,20001
143857,8,4,9155,October,no,Vegetarian,Yes,No,Biweekly,15638
89102,2,0,4188,December,no,Vegetarian,Yes,Yes,Monthly,6134
136255,3,0,7307,November,no,Mixed,No,No,Monthly,8807
145681,8,4,8519,July,yes,Vegetarian,Yes,No,weekly,14946
34919,8,3,5384,June,no,Non-Veg,Yes,Yes,Monthly,11585
65311,2,1,3793,february,no,Non-Veg,Yes,Yes,Monthly,6215
34876,6,4,14165,february,yes,Mixed,Yes,No,Biweekly,18795
71213,6,2,12776,february,no,Vegetarian,No,No,Biweekly,15876
126279,7,3,7052,September,yes,Vegetarian,No,Yes,Biweekly,12892
68794,2,0,5957,December,yes,Non-Veg,No,No,Biweekly,6457
55313,6,2,14749,february,yes,Non-Veg,No,Yes,weekly,19690
40141,8,0,6918,October,yes,Mixed,Yes,Yes,Monthly,12373
78663,8,1,17695,January,no,Non-Veg,Yes,No,Biweekly,23447
112998,6,4,8664,December,no,Vegetarian,Yes,Yes,weekly,14973
73931,7,1,7797,July,yes,Mixed,No,No,weekly,11097
50806,6,2,5544,October,no,Non-Veg,Yes,Yes,Monthly,11972
94186,5,2,10415,April,no,Mixed,No,No,Monthly,13015
120237,5,4,16145,April,no,Non-Veg,Yes,Yes,weekly,23343
127476,8,3,13367,December,yes,Non-Veg,Yes,No,weekly,18931
28260,4,0,15078,November,no,Non-Veg,No,Yes,weekly,17343
39634,2,1,13315,March,yes,Vegetarian,No,Yes,Biweekly,15161
57515,8,2,14756,January,no,Mixed,No,Yes,Monthly,20043
18784,5,1,9185,December,no,Vegetarian,No,Yes,Biweekly,12511
85695,8,3,3651,November,no,Vegetarian,No,Yes,Monthly,8764
106924,2,1,8822,June,no,Vegetarian,Yes,Yes,Monthly,13149
59892,4,3,9565,August,no,Non-Veg,Yes,No,Monthly,12903
109917,6,1,5612,July,yes,Mixed,No,Yes,Monthly,9990
24647,5,3,8303,September,yes,Mixed,No,Yes,Biweekly,11874
39698,5,2,14225,September,no,Mixed,No,Yes,Biweekly,19269
148163,1,0,16260,December,yes,Vegetarian,No,Yes,weekly,18584
148505,4,3,12435,December,yes,Vegetarian,No,No,Biweekly,15335
123179,3,2,3302,September,yes,Mixed,Yes,Yes,Monthly,7874
41015,5,3,9307,february,no,Non-Veg,Yes,Yes,Biweekly,14545
92407,5,3,16339,february,yes,Mixed,Yes,Yes,Monthly,21954
105794,5,4,16583,September,no,Non-Veg,Yes,No,Monthly,22146
33968,2,0,9663,June,yes,Mixed,No,Yes,weekly,11559
97801,1,0,9709,July,no,Vegetarian,Yes,Yes,Monthly,12118
119371,5,3,10921,february,yes,Non-Veg,Yes,Yes,weekly,16977
101718,3,1,7498,July,yes,Non-Veg,No,No,Monthly,9298
62016,6,3,2743,December,yes,Mixed,No,No,Biweekly,6143
28903,8,0,11835,September,no,Vegetarian,Yes,Yes,Monthly,17261
126225,3,0,6884,June,no,Non-Veg,No,Yes,Monthly,8979
75054,3,1,5981,July,no,Mixed,Yes,Yes,weekly,9868
84571,4,1,15320,September,yes,Mixed,Yes,Yes,Monthly,20487
101266,6,3,5779,february,no,Non-Veg,No,Yes,Biweekly,10152
114345,8,2,7541,November,yes,Mixed,Yes,Yes,Biweekly,13514
44875,2,1,10005,August,no,Mixed,Yes,No,weekly,12337
16429,8,1,14586,June,yes,Non-Veg,Yes,No,Biweekly,20072
86928,8,0,7875,July,yes,Mixed,Yes,No,Monthly,13283
24818,7,2,6589,September,no,Non-Veg,Yes,No,Monthly,11647
35838,7,1,7915,September,yes,Non-Veg,No,Yes,Biweekly,12691
63263,3,2,2819,february,no,Non-Veg,Yes,Yes,Biweekly,5414
118430,5,0,9572,December,yes,Non-Veg,Yes,No,Biweekly,12706
140811,1,0,8829,June,no,Non-Veg,Yes,No,Biweekly,10967
114874,7,1,5143,february,no,Non-Veg,Yes,No,Biweekly,9852
70661,7,0,3567,July,no,Vegetarian,No,No,Biweekly,6567
91151,7,0,6524,September,yes,Non-Veg,No,No,Biweekly,9524
100263,3,2,10274,July,no,Mixed,No,No,weekly,12374
75622,4,2,17284,April,yes,Vegetarian,Yes,Yes,Monthly,22570
53543,8,0,2817,June,yes,Non-Veg,Yes,Yes,weekly,8976
49272,2,0,5977,february,yes,Mixed,No,No,Biweekly,6477
76804,5,0,6194,December,yes,Vegetarian,No,Yes,Monthly,9408
125959,5,1,12998,August,yes,Mixed,No,Yes,Monthly,17471
30728,2,0,14037,October,no,Vegetarian,No,Yes,weekly,15808
137060,6,2,11933,January,yes,Vegetarian,No,No,Biweekly,15533
133759,7,2,8171,february,no,Mixed,Yes,Yes,Monthly,14600
71469,4,0,15206,August,yes,Mixed,Yes,No,weekly,18329
20016,5,1,4324,July,no,Vegetarian,No,Yes,Monthly,6934
85636,3,0,7266,January,no,Mixed,No,Yes,weekly,9316
133988,3,2,8271,March,yes,Vegetarian,No,No,weekly,10371
16822,5,3,11903,March,yes,Non-Veg,Yes,No,Monthly,16468
141993,1,0,7791,October,no,Vegetarian,Yes,Yes,Monthly,11426
131916,1,0,3052,february,yes,Mixed,Yes,Yes,weekly,4933
60777,1,0,16336,October,no,Non-Veg,No,Yes,Monthly,17912
59400,5,4,10129,November,yes,Mixed,Yes,No,Biweekly,14844
70763,3,0,11720,August,no,Vegetarian,No,No,Monthly,12720
141881,7,2,8297,August,yes,Mixed,Yes,No,weekly,13389
133042,2,0,7247,December,yes,Mixed,Yes,Yes,Monthly,10804
132553,2,0,6631,September,yes,Non-Veg,No,No,Monthly,7631
51603,7,0,11862,february,no,Non-Veg,No,No,Monthly,14862
52285,8,3,16524,November,no,Vegetarian,No,No,Monthly,20924
98640,1,0,4522,July,no,Vegetarian,No,No,Biweekly,4522
57950,3,0,11988,August,no,Vegetarian,No,No,weekly,12988
143185,3,1,13913,April,yes,Non-Veg,Yes,No,weekly,16229
134621,1,0,16183,August,yes,Non-Veg,Yes,Yes,weekly,20093
106172,8,1,8964,November,no,Non-Veg,No,No,weekly,13264
145203,1,0,14770,March,yes,Non-Veg,Yes,No,weekly,16395
49554,7,3,8761,July,no,Mixed,No,Yes,Biweekly,14291
77422,1,0,8012,June,no,Non-Veg,Yes,Yes,Monthly,9401
142698,7,1,3366,August,yes,Vegetarian,No,Yes,Monthly,7986
111981,1,0,2928,June,yes,Mixed,No,Yes,Biweekly,3850
101951,1,0,10929,february,yes,Vegetarian,No,Yes,Monthly,12018
97069,8,2,12406,August,yes,Mixed,No,Yes,Monthly,18108
92450,8,2,12560,March,no,Non-Veg,Yes,No,Biweekly,18055
19466,5,0,5225,March,no,Mixed,No,Yes,weekly,7582
61119,1,0,11758,December,no,Mixed,No,Yes,Biweekly,13383
109158,5,3,6561,November,yes,Non-Veg,Yes,No,weekly,11253
49322,5,0,13373,September,yes,Mixed,Yes,No,Biweekly,16683
91105,6,0,5474,September,yes,Mixed,Yes,No,Biweekly,9613
144102,8,2,4864,March,no,Non-Veg,No,No,weekly,9464
134850,2,0,14378,June,yes,Vegetarian,Yes,Yes,Monthly,17224
143801,3,2,5309,December,no,Vegetarian,No,No,Monthly,7409
69027,1,0,8121,July,yes,Vegetarian,No,Yes,weekly,9294
58075,4,0,3924,October,yes,Mixed,No,Yes,Monthly,6075
61744,6,0,13114,January,no,Vegetarian,Yes,Yes,weekly,18605
102182,6,4,8354,february,yes,Mixed,No,No,Biweekly,12554
119830,6,2,17781,September,yes,Non-Veg,Yes,No,Biweekly,23234
139663,1,0,10814,June,no,Non-Veg,No,No,Biweekly,11314
83708,4,2,4949,November,yes,Vegetarian,No,Yes,Monthly,7458
114370,8,1,14649,October,yes,Vegetarian,Yes,No,Monthly,20521
61003,2,0,4166,October,yes,Vegetarian,Yes,No,weekly,6618
36993,8,4,12984,June,no,Non-Veg,Yes,No,weekly,18480
83256,7,0,14565,January,no,Vegetarian,Yes,No,Monthly,18710
49770,6,3,7605,January,no,Vegetarian,No,No,Monthly,11005
117121,8,0,13127,March,yes,Mixed,No,No,Biweekly,17127
29889,3,2,6838,July,no,Non-Veg,No,Yes,weekly,8814
138479,4,1,17473,November,yes,Vegetarian,Yes,Yes,weekly,21726
115778,1,0,6859,July,yes,Non-Veg,No,No,weekly,7359
21985,6,4,2590,July,yes,Vegetarian,Yes,Yes,Biweekly,8165
110858,8,3,8006,february,no,Non-Veg,Yes,No,weekly,13583
58430,7,3,4488,October,no,Vegetarian,No,No,Monthly,8388
33241,8,4,9730,August,yes,Mixed,No,Yes,Monthly,15182
135350,6,4,6191,July,yes,Vegetarian,No,No,Monthly,10391
95002,4,3,10100,february,yes,Vegetarian,Yes,Yes,weekly,15089
116224,3,1,14316,July,yes,Vegetarian,No,Yes,Monthly,17777
35343,7,4,9769,September,no,Non-Veg,Yes,No,Monthly,15623
20877,5,4,13330,february,no,Non-Veg,No,Yes,weekly,17635
100473,1,0,8369,October,yes,Mixed,Yes,Yes,Monthly,10035
76766,3,1,4462,December,yes,Vegetarian,Yes,Yes,Biweekly,7144
56089,4,3,2955,february,no,Non-Veg,No,No,Biweekly,5355
83184,7,3,12802,October,yes,Non-Veg,Yes,No,Monthly,17576
17481,3,0,4950,february,yes,Vegetarian,No,No,Biweekly,5650
58204,2,0,11436,December,yes,Mixed,Yes,No,Biweekly,12838
23815,6,2,6727,November,no,Mixed,Yes,Yes,weekly,12304
68015,8,3,8129,february,yes,Non-Veg,No,No,weekly,12529
88612,4,0,16207,December,yes,Mixed,No,No,Biweekly,17707
109459,3,2,5546,September,yes,Mixed,No,No,Biweekly,7646
48535,5,4,10056,December,yes,Mixed,Yes,Yes,Biweekly,16203
50417,1,0,6947,September,no,Mixed,No,Yes,Monthly,7574
68914,6,3,10390,August,no,Vegetarian,Yes,Yes,Monthly,17347
36185,6,3,14380,November,yes,Non-Veg,No,No,Biweekly,17780
98712,5,2,3905,December,no,Vegetarian,No,Yes,weekly,7364
66329,4,3,6058,November,yes,Vegetarian,No,No,weekly,8458
106311,4,2,11769,february,yes,Vegetarian,No,Yes,Biweekly,15364
39884,3,2,14069,March,yes,Non-Veg,No,No,Biweekly,15669
28459,1,0,13616,June,no,Non-Veg,Yes,No,Monthly,14376
61711,3,1,13432,April,yes,Mixed,Yes,No,Biweekly,16098
100070,6,4,5615,September,no,Vegetarian,No,Yes,Biweekly,10995
35794,3,0,3009,July,no,Vegetarian,Yes,Yes,Monthly,6526
60225,2,1,7909,January,no,Non-Veg,No,Yes,weekly,9868
118446,1,0,7785,January,yes,Mixed,Yes,Yes,weekly,10145
38741,5,1,3278,October,yes,Non-Veg,No,Yes,Biweekly,6234
42653,3,0,6232,January,no,Non-Veg,Yes,No,weekly,7959
85907,7,2,11014,December,no,Non-Veg,Yes,No,weekly,16381
67416,2,1,13454,January,yes,Vegetarian,No,Yes,weekly,16357
138914,3,0,3093,November,no,Vegetarian,Yes,No,Biweekly,6063
103525,5,3,17635,September,yes,Mixed,Yes,Yes,Monthly,24864
62805,3,1,9962,february,yes,Mixed,Yes,No,Monthly,12499
119587,5,2,6712,June,yes,Vegetarian,Yes,No,weekly,10674
124474,5,1,2898,August,no,Non-Veg,No,Yes,Biweekly,6147
137062,6,4,3622,October,yes,Vegetarian,No,Yes,weekly,8739
127403,7,0,11899,January,no,Mixed,Yes,Yes,weekly,17876
24250,6,1,15468,September,no,Non-Veg,No,No,weekly,17968
42141,7,0,3236,October,no,Non-Veg,No,No,weekly,6236
145968,4,3,17969,December,no,Non-Veg,Yes,No,weekly,22664
124655,2,0,15661,September,no,Mixed,Yes,Yes,weekly,18390
148787,5,4,17024,January,yes,Non-Veg,No,No,Biweekly,20724
86243,2,1,3948,November,no,Non-Veg,Yes,Yes,Biweekly,7269
31580,5,1,13280,April,yes,Vegetarian,No,Yes,weekly,16508
134007,5,0,16401,July,no,Mixed,Yes,Yes,weekly,22195
109730,3,2,17822,february,no,Mixed,Yes,No,Monthly,21127
22654,8,0,12676,November,no,Vegetarian,Yes,No,weekly,16748
116365,6,0,15421,february,yes,Non-Veg,Yes,No,Monthly,20208
108638,8,0,12907,April,no,Non-Veg,No,Yes,Biweekly,18206
81373,5,1,17670,April,yes,Non-Veg,No,Yes,weekly,21458
94892,6,4,6816,September,no,Mixed,Yes,No,Monthly,12082
139019,4,1,6147,July,yes,Non-Veg,No,No,weekly,8447
59362,7,2,9415,August,yes,Mixed,No,Yes,Monthly,13717
142302,4,3,16513,June,yes,Mixed,Yes,No,weekly,19984
35832,1,0,7464,July,yes,Mixed,No,Yes,Biweekly,7877
110832,7,0,5610,January,no,Mixed,Yes,Yes,weekly,11793
138792,7,1,6959,November,no,Vegetarian,No,Yes,Biweekly,12067
24966,2,0,13199,August,yes,Vegetarian,Yes,Yes,Monthly,16900
118021,2,0,3180,february,yes,Vegetarian,Yes,Yes,Monthly,6821
141248,3,0,13074,September,no,Vegetarian,Yes,Yes,Biweekly,16599
105139,7,2,7827,October,no,Mixed,Yes,No,weekly,12555
51788,4,1,10546,March,yes,Mixed,No,No,Monthly,12346
79743,7,2,16577,September,no,Vegetarian,No,No,Biweekly,20177
15358,4,0,2693,february,no,Non-Veg,Yes,Yes,Monthly,5921
50996,6,0,12204,January,yes,Mixed,No,No,Monthly,14704
48587,6,2,4095,June,no,Mixed,No,No,Biweekly,7195
36696,8,4,7837,August,yes,Vegetarian,Yes,Yes,Biweekly,15835
96608,2,1,5304,August,yes,Mixed,Yes,Yes,weekly,8206
43513,3,1,4949,December,no,Vegetarian,No,Yes,Monthly,6760
131011,1,0,5528,August,yes,Mixed,No,No,Monthly,6028
58711,5,1,10334,October,no,Mixed,No,Yes,Monthly,13672
17240,2,1,17197,December,no,Vegetarian,Yes,Yes,Monthly,20079
90997,8,1,8840,March,yes,Mixed,No,No,weekly,12640
115989,5,0,3346,November,yes,Mixed,Yes,No,Biweekly,6541
53440,7,0,15475,August,no,Mixed,Yes,Yes,weekly,21702
67453,1,0,3935,September,yes,Mixed,Yes,Yes,Biweekly,5539
121264,6,3,16313,October,no,Mixed,No,Yes,weekly,22791
82917,4,1,4156,June,yes,Mixed,Yes,Yes,Biweekly,7368
118329,2,0,8128,March,no,Vegetarian,Yes,Yes,Monthly,10797
124680,1,0,4867,March,yes,Vegetarian,Yes,No,Monthly,5885
114094,8,0,15372,february,no,Non-Veg,Yes,Yes,weekly,22606
149339,1,0,17283,March,no,Non-Veg,Yes,Yes,Biweekly,21478
31504,7,0,13995,December,no,Vegetarian,No,No,Monthly,16995
124717,7,3,14681,November,no,Vegetarian,Yes,Yes,weekly,22418
26783,3,0,10514,January,yes,Vegetarian,No,Yes,Monthly,12623
114207,5,4,8043,July,yes,Mixed,Yes,No,Biweekly,13262
133447,5,4,17682,December,no,Mixed,Yes,No,weekly,22415
147117,6,1,5797,September,no,Non-Veg,No,No,Monthly,9097
120551,5,4,16143,January,yes,Non-Veg,Yes,Yes,Biweekly,23382
108946,3,1,16097,April,no,Vegetarian,Yes,No,Monthly,18518
144978,4,3,16427,November,no,Non-Veg,Yes,No,Monthly,21319
77104,1,0,5426,January,no,Non-Veg,Yes,No,Biweekly,6397
35364,4,2,14487,february,no,Non-Veg,Yes,No,Monthly,18147
125415,1,0,13942,August,yes,Mixed,Yes,Yes,Monthly,16521
127791,6,3,13307,february,yes,Mixed,Yes,No,Monthly,18344
87960,3,0,5330,August,yes,Mixed,Yes,No,Monthly,7641
102538,2,1,17404,february,no,Mixed,Yes,Yes,weekly,22997
82018,5,1,4122,June,no,Mixed,No,No,Biweekly,6422
110184,8,0,17314,february,yes,Mixed,Yes,Yes,weekly,24297
44519,2,1,6497,December,yes,Mixed,No,Yes,weekly,8315
32400,2,1,11714,November,no,Non-Veg,Yes,Yes,Monthly,14460
67733,5,4,4015,April,yes,Mixed,Yes,Yes,Monthly,8570
44682,8,0,15496,June,no,Mixed,Yes,Yes,weekly,20643
62333,2,0,17170,february,no,Non-Veg,Yes,No,weekly,18342
142042,1,0,17974,february,no,Vegetarian,Yes,Yes,Biweekly,21666
131020,2,0,14850,September,no,Mixed,No,Yes,Monthly,17866
96535,8,2,17817,September,yes,Non-Veg,Yes,No,Monthly,23709
85548,3,0,12013,September,no,Mixed,Yes,No,Biweekly,14278
125892,2,1,13418,April,no,Mixed,No,No,Biweekly,14718
64464,5,1,6531,November,yes,Vegetarian,No,Yes,weekly,9630
118442,6,3,2740,August,no,Non-Veg,No,No,Biweekly,6640
117161,2,1,15093,April,no,Mixed,Yes,Yes,Monthly,20509
80462,8,1,17490,August,no,Non-Veg,Yes,No,Biweekly,22073
61939,7,2,12755,June,yes,Non-Veg,No,No,Monthly,16355
120319,1,0,16367,November,yes,Vegetarian,No,No,Biweekly,16867
120945,2,0,5460,March,yes,Mixed,No,No,Monthly,6460
121667,2,1,6475,November,yes,Non-Veg,No,No,Biweekly,7775
61986,8,1,11339,August,yes,Vegetarian,No,No,weekly,15139
148075,6,4,17588,December,no,Vegetarian,Yes,Yes,Monthly,25405
83298,8,4,8260,September,no,Vegetarian,Yes,Yes,Monthly,14752
48192,8,1,8612,October,yes,Mixed,Yes,Yes,Monthly,14659
94986,5,2,9131,March,no,Mixed,No,Yes,weekly,13341
108565,2,1,8700,January,no,Mixed,Yes,Yes,weekly,12331
133657,6,1,12140,June,no,Non-Veg,No,No,weekly,15440
140592,7,1,16547,August,yes,Mixed,No,No,Biweekly,20347
26922,6,3,10880,february,yes,Non-Veg,No,Yes,Monthly,14970
60108,6,4,8587,March,yes,Mixed,Yes,No,weekly,12924
45722,2,0,17856,June,yes,Vegetarian,No,Yes,Monthly,19542
104758,5,2,9467,September,no,Vegetarian,Yes,Yes,Biweekly,15689
73371,1,0,3370,November,no,Vegetarian,No,Yes,Monthly,3823
107701,5,4,8519,December,yes,Mixed,Yes,Yes,Biweekly,14788
87580,2,0,10962,June,no,Mixed,Yes,Yes,Biweekly,13742
116132,1,0,8179,November,yes,Mixed,No,No,Monthly,8679
71795,4,2,12184,July,no,Non-Veg,Yes,No,Biweekly,15693
82869,8,2,9689,August,yes,Non-Veg,Yes,No,weekly,15074
105301,1,0,11707,November,yes,Vegetarian,Yes,No,Monthly,13115
37264,6,2,13575,July,no,Non-Veg,Yes,No,Biweekly,17848
117350,3,0,8455,March,yes,Non-Veg,No,Yes,Biweekly,10568
27378,2,0,10666,January,no,Non-Veg,Yes,Yes,Biweekly,12310
22582,5,3,8858,february,no,Mixed,Yes,Yes,Biweekly,13352
62647,2,0,2542,September,no,Non-Veg,Yes,Yes,Biweekly,4972
123270,7,2,17045,June,no,Vegetarian,Yes,Yes,weekly,24543
83026,7,0,14571,April,no,Non-Veg,No,No,Monthly,17571
132338,3,2,7411,August,no,Vegetarian,No,Yes,Biweekly,10334
68187,1,0,16223,November,yes,Mixed,No,No,Monthly,16223
143159,1,0,5492,October,yes,Vegetarian,Yes,Yes,Biweekly,8207
25043,2,0,2757,June,no,Non-Veg,No,Yes,Monthly,3241
62101,7,4,8872,August,yes,Mixed,No,No,Biweekly,13072
111198,4,0,5047,October,yes,Non-Veg,Yes,No,Biweekly,8411
108751,2,1,14943,March,no,Non-Veg,Yes,No,weekly,17788
78428,1,0,4655,December,no,Non-Veg,Yes,Yes,weekly,6580
35711,3,1,3629,July,no,Non-Veg,Yes,No,weekly,6289
88834,5,0,9818,August,no,Non-Veg,Yes,Yes,Monthly,14136
46254,1,0,14486,November,yes,Non-Veg,No,No,Monthly,14486
135380,5,2,9552,September,no,Non-Veg,No,Yes,Monthly,13737
139383,8,4,15536,June,no,Mixed,Yes,Yes,Monthly,24606
138969,4,1,7362,february,yes,Vegetarian,Yes,Yes,Monthly,12002
121786,5,2,7984,June,no,Vegetarian,No,Yes,Biweekly,12030
83365,4,3,8300,December,yes,Vegetarian,No,Yes,weekly,12205
136432,6,0,5814,November,no,Mixed,No,Yes,weekly,9359
29193,5,3,5710,November,yes,Vegetarian,Yes,No,weekly,9026
19750,1,0,15253,November,yes,Vegetarian,Yes,Yes,Monthly,17418
39225,2,1,15225,January,yes,Non-Veg,Yes,No,Biweekly,17431
138803,4,2,13957,June,no,Non-Veg,Yes,No,weekly,18292
42387,3,1,11949,December,yes,Vegetarian,Yes,Yes,Biweekly,15627
115789,8,4,6842,January,no,Mixed,Yes,No,weekly,13098
82043,1,0,15350,february,no,Mixed,Yes,Yes,weekly,18364
108955,6,0,15162,July,yes,Mixed,Yes,No,Monthly,19757
82132,8,4,7351,March,yes,Vegetarian,No,No,weekly,12051
89425,8,0,6979,January,yes,Non-Veg,No,Yes,Biweekly,11557
70110,4,0,10071,April,yes,Vegetarian,Yes,Yes,weekly,13302
84995,8,3,12049,August,yes,Non-Veg,No,No,weekly,16449
75606,8,3,4628,March,yes,Non-Veg,No,No,Monthly,9028
44280,8,2,4932,June,no,Non-Veg,No,No,Monthly,9032
19262,1,0,2507,June,no,Non-Veg,No,No,weekly,2500
58756,5,3,8425,June,yes,Vegetarian,Yes,Yes,Monthly,15167
73821,5,2,12401,December,no,Vegetarian,Yes,Yes,weekly,18449
47944,6,3,16610,March,yes,Mixed,Yes,No,weekly,21983
98156,5,4,13064,January,yes,Mixed,Yes,Yes,weekly,19802
100618,8,1,16600,November,no,Mixed,No,Yes,weekly,22995
118505,8,3,13575,february,yes,Vegetarian,Yes,No,Biweekly,20370
142816,2,0,5246,April,no,Non-Veg,No,No,Monthly,6246
115883,2,1,11740,March,yes,Non-Veg,Yes,No,Biweekly,13756
65269,3,0,7207,October,yes,Mixed,No,Yes,Monthly,9230
130489,5,4,2791,December,no,Non-Veg,Yes,No,Monthly,8138
95656,7,4,13398,January,no,Non-Veg,Yes,No,Monthly,18516
51900,4,2,9742,March,yes,Non-Veg,No,Yes,weekly,13098
101903,5,4,2842,October,yes,Non-Veg,Yes,Yes,Monthly,8953
138772,1,0,12493,July,no,Mixed,Yes,No,Monthly,13878
41325,8,1,13610,October,yes,Vegetarian,No,No,weekly,17410
48888,2,1,16528,August,yes,Non-Veg,Yes,Yes,Monthly,20912
38323,1,0,15979,November,no,Mixed,Yes,Yes,Biweekly,18368
131805,7,2,7069,July,yes,Mixed,Yes,Yes,Biweekly,14389
114015,7,0,8887,March,yes,Mixed,Yes,No,weekly,13443
70454,2,1,3226,November,no,Vegetarian,Yes,Yes,weekly,5393
37442,8,0,7486,february,no,Non-Veg,No,No,Biweekly,10986
46719,6,2,8398,August,yes,Non-Veg,No,Yes,Monthly,12613
44171,2,0,13369,September,yes,Vegetarian,Yes,Yes,weekly,16548
132164,2,1,14297,August,yes,Mixed,No,No,Biweekly,15597
135065,4,1,15698,January,yes,Mixed,No,No,Biweekly,17998
32468,2,0,4188,August,no,Mixed,No,Yes,weekly,5391
27272,2,0,14763,february,no,Non-Veg,Yes,No,Monthly,15808
135328,7,2,7125,October,no,Vegetarian,Yes,Yes,Monthly,14377
22798,8,3,9214,July,no,Mixed,No,Yes,Biweekly,14023
84907,8,3,13018,November,yes,Non-Veg,Yes,No,weekly,18925
50837,4,1,14160,June,yes,Non-Veg,No,Yes,Monthly,17689
73243,4,2,6116,April,yes,Mixed,Yes,Yes,weekly,10692
132075,6,0,11947,June,yes,Vegetarian,Yes,No,Monthly,16425
29390,6,0,7650,february,no,Non-Veg,Yes,No,Biweekly,11040
42969,1,0,6060,November,yes,Mixed,No,Yes,Biweekly,6860
127564,6,3,10044,August,no,Vegetarian,Yes,Yes,Monthly,15575
53443,2,0,8970,October,no,Mixed,No,Yes,Biweekly,10619
33654,2,1,7351,June,no,Vegetarian,No,No,Biweekly,8151
72149,8,1,14460,November,yes,Non-Veg,Yes,No,weekly,20096
81239,8,2,8260,April,no,Non-Veg,Yes,No,weekly,13340
30371,4,3,17238,April,no,Mixed,Yes,Yes,weekly,23879
72380,4,3,12132,July,yes,Non-Veg,No,No,Monthly,14532
31025,8,3,8966,March,yes,Mixed,No,Yes,Biweekly,14238
99684,6,3,4128,July,no,Non-Veg,No,Yes,Biweekly,8478
71780,2,0,10067,December,no,Mixed,No,Yes,Monthly,11834
26747,3,1,17575,August,no,Mixed,No,Yes,Monthly,19777
146324,4,2,10769,April,no,Vegetarian,No,No,Monthly,13369
143228,6,2,9093,April,yes,Vegetarian,No,No,weekly,12693
81641,2,1,15815,December,yes,Vegetarian,No,No,Biweekly,16615
86174,7,0,12818,March,no,Non-Veg,No,No,weekly,15818
58882,7,0,4528,June,yes,Non-Veg,Yes,Yes,weekly,9946
63620,1,0,14354,October,no,Mixed,No,Yes,weekly,15385
57413,8,2,12559,September,no,Mixed,No,Yes,Monthly,18396
93424,4,1,15807,October,yes,Mixed,Yes,Yes,weekly,19818
65980,7,4,5876,January,no,Non-Veg,No,No,Biweekly,10076
76209,2,1,10027,September,no,Vegetarian,No,Yes,weekly,11846
85347,6,0,14976,November,yes,Vegetarian,No,Yes,Monthly,19857
80636,6,0,8878,January,no,Vegetarian,Yes,No,Monthly,13260
75930,5,0,13719,October,yes,Non-Veg,Yes,No,Monthly,16842
50595,6,3,6776,July,yes,Vegetarian,Yes,Yes,Biweekly,11887
100905,2,1,6548,July,no,Non-Veg,Yes,No,weekly,9281
59058,5,0,2990,July,no,Vegetarian,Yes,Yes,weekly,6839
145454,5,2,8635,December,yes,Vegetarian,No,No,Biweekly,11735
140127,2,1,16043,October,no,Non-Veg,No,Yes,Biweekly,18642
99672,3,0,17600,January,yes,Mixed,Yes,Yes,Monthly,21769
142344,4,1,14053,September,yes,Non-Veg,No,No,Monthly,16353
141273,5,0,14122,April,no,Non-Veg,Yes,No,weekly,17211
95704,6,4,6316,December,no,Mixed,Yes,Yes,Biweekly,11746
91350,2,1,14961,August,yes,Non-Veg,Yes,No,weekly,17242
80113,1,0,4253,february,no,Vegetarian,No,Yes,weekly,4554
58879,4,1,16150,August,yes,Non-Veg,No,Yes,weekly,18944
87948,5,4,11606,September,no,Non-Veg,No,Yes,weekly,15814
117127,6,4,10352,September,yes,Mixed,No,No,Biweekly,14552
130443,3,1,3713,June,no,Vegetarian,Yes,Yes,Biweekly,8350
21306,4,1,16546,October,yes,Mixed,Yes,Yes,Biweekly,21804
139362,8,1,11924,January,yes,Non-Veg,No,Yes,weekly,17468
24483,7,3,10239,April,yes,Mixed,Yes,Yes,weekly,17683
124191,5,2,2920,October,no,Mixed,Yes,Yes,Biweekly,7778
28323,6,3,6758,April,yes,Vegetarian,No,No,Biweekly,9858
36170,8,3,12934,July,yes,Vegetarian,Yes,No,weekly,17913
126748,8,4,10404,October,no,Mixed,No,Yes,Monthly,16999
129057,3,0,11685,October,yes,Vegetarian,No,Yes,Monthly,14839
69476,2,0,8848,August,no,Mixed,Yes,No,Monthly,10770
111142,7,3,5788,february,yes,Mixed,No,No,weekly,10188
80169,7,1,6263,September,yes,Vegetarian,No,Yes,weekly,10865
95748,7,1,11317,September,no,Mixed,Yes,Yes,Monthly,16662
82373,7,1,14892,July,yes,Vegetarian,No,No,weekly,18192
105082,3,2,12814,June,no,Non-Veg,Yes,No,Monthly,16353
134259,4,3,8380,November,no,Non-Veg,Yes,Yes,Monthly,12863
81265,3,0,6035,October,no,Vegetarian,No,Yes,Monthly,7702
58444,6,4,9810,June,yes,Mixed,Yes,No,Monthly,15124
132405,4,0,6803,July,no,Vegetarian,Yes,Yes,weekly,10079
93415,3,1,10200,March,no,Non-Veg,No,Yes,Monthly,13136
52044,1,0,3611,November,yes,Non-Veg,No,Yes,Biweekly,3806
95225,5,2,13817,December,no,Mixed,Yes,Yes,Monthly,20770
82868,2,1,8799,August,no,Non-Veg,No,No,Monthly,9599
16222,1,0,14480,April,no,Mixed,Yes,Yes,Biweekly,16678
110717,3,0,5510,January,yes,Non-Veg,No,No,Monthly,7010
65015,1,0,11328,October,no,Mixed,Yes,Yes,Monthly,13923
121415,3,2,14375,April,no,Mixed,No,No,weekly,16475
144112,7,2,13824,July,no,Non-Veg,Yes,No,Biweekly,18447
59803,3,2,5244,August,yes,Mixed,Yes,No,Biweekly,8561
103285,5,3,4611,february,yes,Non-Veg,No,Yes,Monthly,8521
61757,2,0,14695,January,no,Vegetarian,No,No,weekly,15195
71010,6,3,16281,December,yes,Mixed,No,Yes,weekly,21754
66328,3,0,14898,April,no,Non-Veg,Yes,Yes,weekly,17585
112178,7,4,7844,April,no,Mixed,No,No,Monthly,12544
135836,4,3,13389,January,yes,Vegetarian,Yes,Yes,Monthly,20219
129170,6,3,14298,October,yes,Non-Veg,Yes,No,Monthly,19650
99738,2,1,6642,february,yes,Non-Veg,No,No,Biweekly,7442
64142,4,1,4250,April,no,Vegetarian,No,No,weekly,6050
75649,6,3,2638,November,yes,Vegetarian,No,Yes,weekly,6574
83781,8,4,8908,January,no,Mixed,No,No,weekly,13608
106666,4,3,10724,June,yes,Vegetarian,No,Yes,Monthly,14500
88892,2,0,12897,March,yes,Non-Veg,No,No,Monthly,13397
27195,1,0,4274,July,no,Mixed,Yes,Yes,Monthly,5320
60404,7,2,10806,November,yes,Vegetarian,No,No,Biweekly,14406
19988,4,2,13942,July,no,Mixed,Yes,No,Biweekly,17469
84568,4,0,6556,October,no,Mixed,No,Yes,weekly,9032
42860,3,0,2886,January,yes,Vegetarian,Yes,Yes,Biweekly,5284
41583,4,2,3227,October,yes,Non-Veg,No,No,Monthly,5327
107668,4,2,6435,July,yes,Non-Veg,No,No,Biweekly,9035
33809,7,2,13735,November,yes,Mixed,Yes,No,Monthly,18221
146576,3,2,16254,November,no,Non-Veg,No,No,weekly,18354
113065,7,1,3534,August,no,Non-Veg,No,Yes,Biweekly,7901
53216,5,2,4156,August,no,Non-Veg,Yes,No,weekly,7722
94599,5,2,10977,June,yes,Mixed,Yes,No,Monthly,14615
142220,8,0,14261,March,no,Vegetarian,No,No,weekly,18261
24968,8,0,8928,January,no,Vegetarian,No,Yes,Monthly,13571
136974,6,4,8624,September,yes,Vegetarian,No,No,weekly,12824
71881,5,1,7251,March,yes,Vegetarian,Yes,Yes,Biweekly,11137
65698,3,1,6698,October,no,Non-Veg,No,No,weekly,7998
119526,5,1,17321,January,no,Mixed,No,No,weekly,20121
123623,6,0,7839,february,no,Non-Veg,No,No,weekly,10839
129461,3,2,9688,April,no,Mixed,Yes,No,Monthly,13704
36779,4,3,3588,October,yes,Mixed,Yes,Yes,weekly,7541
131541,8,2,14676,August,yes,Mixed,Yes,No,Monthly,21124
58105,1,0,17808,August,no,Non-Veg,Yes,No,weekly,19570
108769,3,2,3344,December,no,Non-Veg,No,No,Monthly,5444
141456,4,2,9711,December,no,Vegetarian,No,Yes,Monthly,13095
107784,8,4,15214,November,no,Mixed,No,No,Biweekly,20414
65197,7,2,8416,June,no,Non-Veg,No,No,Monthly,12016
133603,1,0,9495,October,yes,Vegetarian,Yes,No,Monthly,10538
30412,3,0,10025,October,no,Non-Veg,No,Yes,Monthly,11776
50776,5,0,5265,December,yes,Vegetarian,No,No,weekly,7265
24350,1,0,8468,february,yes,Vegetarian,No,No,Monthly,8168
96278,2,0,9962,June,yes,Non-Veg,No,Yes,Monthly,11039
130868,8,3,14610,March,no,Vegetarian,No,No,weekly,19510
75360,7,4,12324,August,yes,Vegetarian,No,No,Biweekly,16524
124984,1,0,3593,December,no,Mixed,Yes,No,weekly,5503
63054,2,0,15151,November,yes,Mixed,Yes,Yes,Biweekly,18940
